quantity,value,unit,context,source_id,evidence
drawbar_coefficient_max,0.54,-,Marsh Screw Amphibian 1/5 scale model in snow,villacres2023,direct
slip_typical_max,0.40,-,screw propulsion as reported by Cole 1961,villacres2023,direct
vehicle_cone_index,6,-,Marsh Screw Amphibian,villacres2023,direct
vehicle_cone_index,16,-,M29C Weasel tracked benchmark,villacres2023,direct
screw_rover_power,5.0,W,Ju et al. small screw rover on gravel,villacres2023,direct
screw_rover_power,5.5,W,Ju et al. small screw rover on sand,villacres2023,direct
screw_rover_power,6.0,W,Ju et al. small screw rover on grassland,villacres2023,direct
casper_mass,3.4,kg,CASPER four-screw excavation rover,green2021,direct
casper_power,30,W,CASPER at the optimal operating point,green2021,direct
casper_speed,0.17,m/s,CASPER traverse 10.2 m/min,green2021,direct
casper_cost_of_transport,5.30,-,CALCULATED from 30 W over 3.4 kg at Earth gravity and 0.17 m/s,green2021,calculated
excavation_transport_rate,2.01,1/h,backhoe reference computed by the CASPER authors,green2021,calculated
excavation_transport_rate,1.97,1/h,CASPER lower end,green2021,direct
excavation_transport_rate,2.06,1/h,CASPER upper end,green2021,direct
model_error_granular_scaling,0.09,-,granular scaling law lower bound of reported error,villacres2023,direct
model_error_granular_scaling,0.36,-,granular scaling law upper bound of reported error,villacres2023,direct
model_error_helical_scaling,0.03,-,helical granular scaling law lower bound on BP1 lunar analogue,villacres2023,direct
model_error_helical_scaling,0.09,-,helical granular scaling law upper bound on BP1 lunar analogue,villacres2023,direct
model_error_dem,0.045,-,DEM against hardware lower bound,villacres2023,direct
model_error_dem,0.253,-,DEM against hardware upper bound,villacres2023,direct
bearing_capacity_allowable,8.0,kPa,lunar soil allowable,wakabayashi2009,direct
bearing_capacity_recommended,1.4,kPa,lunar soil recommended design value,wakabayashi2009,direct
bearing_capacity_earth,20.0,kPa,terrestrial reference,wakabayashi2009,direct
contact_pressure_optimum,1.96,kPa,crawler optimum of 2 kg per 100 cm2,wakabayashi2009,calculated
slip_crawler_20deg,0.15,-,mesh crawler on a 20 degree slope with range 0.1 to 0.2,wakabayashi2009,direct
slip_rigid_wheel_20deg,0.60,-,rigid wheel on a 20 degree slope,wakabayashi2009,direct
chassis_fraction_K_min,0.30,-,planetary rovers chassis over total mass,patel2005,direct
chassis_fraction_K_max,0.50,-,planetary rovers chassis over total mass,patel2005,direct
science_payload_fraction_min,0.05,-,typical rover,ellery2005,direct
science_payload_fraction_max,0.15,-,typical rover,ellery2005,direct
mobility_power_level_titan,2.4,W,Genta 40 kg Titan rover on level ground,genta2011,direct
mobility_power_slope_titan,34.0,W,Genta 40 kg Titan rover on a 20 degree slope,genta2011,direct
delivered_science_payload_titan,100.0,kg,post-Huygens study with 5028 kg launch and 2600 kg injected,zimmerman_postHuygens,direct
titan_surface_system_peak_power,60.0,W,post-Huygens surface system,zimmerman_postHuygens,direct
genta_titan_sinkage,8.3,mm,40 kg four-wheel Titan rover on lunar-proxy soil,genta2011,direct
genta_titan_contact_pressure,6.98,kPa,same rover and maximum ground pressure,genta2011,direct
genta_titan_wheel_torque,0.12,N m,per wheel on level ground at 2.97 rpm,genta2011,direct
genta_titan_rolling_radius,0.090,m,wheel rolling radius,genta2011,direct
genta_titan_c_rr,0.10,-,rolling resistance coefficient used for Titan with a safety factor of 3,genta2011,direct
genta_power_electronics_efficiency,0.80,-,assumed for the four traction motors,genta2011,direct
casper_power_20rpm,12.5,W,range 10 to 15 W,green2021,direct
casper_power_40rpm,22.5,W,range 20 to 25 W,green2021,direct
casper_velocity_20rpm,0.05,m/s,lower end of the 5 to 18 cm/s range,green2021,direct
casper_velocity_40rpm,0.18,m/s,upper end of the 5 to 18 cm/s range,green2021,direct
msa_speed_snow,10.0,m/s,20 to 25 mph reported for the 1/5 scale model in snow,villacres2023,direct
msa_mud_immobilisation_moisture,0.125,-,MSA stuck at 10 to 15 percent moisture content despite firm ground,villacres2023,direct
backhoe_excavation_rate,100,kg/h,80 kg system at 200 W,green2021,direct
cratos_excavation_rate,900,kg/h,at 100 W,green2021,direct
arcsnake_module_power_max,310,W,per module at 12 to 60 V,richter2022,direct
arcsnake_system_power_max,1240,W,four module system,richter2022,direct
arcsnake_system_mass,6.1,kg,four module system with head,richter2022,direct
arcsnake_system_length,1.287,m,maximum extended length,richter2022,direct
drawbar_coefficient_max,0.24,-,"MSA loaded (3954 lb) towing on sand, full throttle at about 0.5 mph, cone index 75 to 95, report p. 20-21",wes_tr3641,direct
drawbar_coefficient_max,0.107,-,"MSA loaded on fat clay with free water, RCI 20 to 30, 425 lb at about 28 percent slip, Table 2B p. 42-43, over 3954 lb",wes_tr3641,calculated
slip_at_max_drawbar,0.28,-,"MSA on fine-grained soil, towing force peaks then falls with slip, p. 43",wes_tr3641,direct
slope_climbed_max,18,deg,"MSA loaded on sand CI about 75, Table 1C p. 20; 21 deg not negotiated",wes_tr3641,direct
slope_failed_min,21,deg,"MSA loaded on sand CI about 75, Table 1C p. 20",wes_tr3641,direct
msa_ground_pressure_empty,3.59,kPa,"0.52 psi at 3 in penetration, 2860 lb, report p. 4",wes_tr3641,direct
msa_ground_pressure_loaded,4.96,kPa,"0.72 psi at 3 in penetration, 3954 lb, report p. 4",wes_tr3641,direct
msa_rut_first_pass_sand,0.142,m,"5.6 in after one pass, unloaded, sand CI about 60, test 39 p. 16-18",wes_tr3641,direct
msa_rut_50_pass_sand,0.201,m,"7.9 in after 50 passes, same test",wes_tr3641,direct
msa_rut_50_pass_clay,0.066,m,"2.6 in after 50 passes, Albemarle Lake test 1, loaded, RCI 34",wes_tr3641,direct
msa_speed_sand_avg,0.72,m/s,"1.6 mph average, loaded, straight-line tests 59-60, CI about 95, p. 18-19",wes_tr3641,direct
msa_speed_sand_max,1.03,m/s,"2.3 mph maximum, same tests",wes_tr3641,direct
msa_speed_soft_clay_max,2.2,m/s,"about 5 mph at RCI about 10 with free water, test 98 p. 37",wes_tr3641,direct
msa_speed_slope,0.22,m/s,"about 0.5 mph on sand slopes, p. 20",wes_tr3641,direct
vehicle_cone_index,5,-,"MSA on fine-grained soil, 50-pass VCI, p. 26",wes_tr3641,direct
vehicle_cone_index,25,-,"M29C Weasel 50-pass VCI estimated in the same programme, p. 28 (18 for one pass)",wes_tr3641,direct
msa_vci_computed,8,-,"computed VCI empty (11 loaded), report p. 4",wes_tr3641,direct
msa_obstacle_course_time,78,s,"simulated rice-field dikes, against 28 s for the M29C Weasel, p. 40",wes_tr3641,direct
msa_mud_immobilisation_moisture,0.48,-,"buckshot clay: immobilised dry, ran after hosing to about 48 percent moisture, immobilised again when the water film wiped off, test 97 p. 33-37",wes_tr3641,direct
