item,vehicle,diameter_m,width_m,mass_kg,curved_area_m2,areal_density_kg_m2,material,source_id,evidence,notes
wheel,Sojourner,0.13,0.07,1.000,0.0286,35.0,aluminium,patel2005,"mass and dimensions direct from Table 68; areal density CALCULATED as m / (pi D w)",Normalised micro-rover comparison set. All wheels assumed solid or hollowed aluminium.
wheel,Shrimp,0.13,0.07,1.000,0.0286,35.0,aluminium,patel2005,"direct; areal density CALCULATED",Same normalised footprint as Sojourner.
wheel,Crab,0.14,0.09,0.500,0.0396,12.6,aluminium,patel2005,"direct; areal density CALCULATED",Lightest of the set.
wheel,Marsokhod,0.13,0.15,1.500,0.0613,24.5,aluminium,patel2005,"direct; areal density CALCULATED",Widest wheel of the set.
wheel,ELMS,0.10,0.10,1.000,0.0314,31.8,aluminium,patel2005,"Table 68 value; areal density CALCULATED",Table 68 gives 1 kg per wheel. The body text of the same thesis gives 0.576 kg per ELMS wheel. The two disagree; both rows are kept.
wheel,ELMS (body text),0.10,0.10,0.576,0.0314,18.3,aluminium,patel2005,"body text value; areal density CALCULATED","The ELMS chassis comprises four 0.576 kg wheels plus two 1 kg tracks"
wheel,Nanokhod,0.12,0.10,2.000,0.0377,53.1,aluminium,patel2005,"direct; areal density CALCULATED",Heaviest of the set. Enclosed locomotion units impose a high mass penalty.
track,ELMS,,0.10,1.000,,,Nitinol,patel2005,"mass and width direct; track length not given so no areal density",Single piece super-elastic shape memory alloy track of 1 cm thickness.
track,Nanokhod,,0.10,2.000,,,not stated,patel2005,"mass and width direct; track length not given",2 cm thick.
grouser_set,ExoMars wheel study,0.30,0.10,,,29.1,aluminium,patel2005,"CALCULATED from Table 14: grouser mass is linear in height at 58.224 kg per metre of height for 20 grousers of 0.1 m width, so 58.224 / (20 x 0.1) = 29.1 kg per m2 of blade face","CAUTION: Table 14 states a grouser thickness of 0.002 m, but its own mass column implies about 0.0108 m at aluminium density. The areal density above is taken from the mass column, which is the quantity actually needed. Check the original table before quoting the thickness."
screw_body_module,ARCSnake,0.128,0.196,1.000,0.0788,12.7,not stated,richter2022,"mass and dimensions direct from Table I; areal density CALCULATED as m / (pi D L)","UPPER BOUND on a bare drum shell. The 1.0 kg body module contains the Archimedean screw shell AND the motor, sun gear, power electronics, IMU, single board computer and network switch, so the shell alone is lighter than this. It is the only real screw drum in the sourced set and it is what justifies a drum areal density near 12 rather than the 12.6 to 53.1 of hollowed micro-rover wheels."
