system_id,name,domain,architecture,n_screws,mass_definition,mass_kg,gross_mass_kg,payload_mass_kg,mobility_mass_kg,other_mass_kg,power_type,power_W,drum_diameter_m,blade_height_m,length_m,pitch_m,helix_angle_deg,n_starts,speed_mps,mu_drawbar,terrain_case,role_in_methodology,evidence,source_id,notes
ARCTIC-01,Technological machine for Arctic,earth,screw,4,m_dry,3500,4500,,,,P_installed,186000,,,,,,,,,,system_level_earth_analogue,mass direct; power direct; geometry unavailable,user_db_num2_num5,Source ids num2 and num5 in the working spreadsheet still need resolving to real references.
MSA-01,Marsh Screw Amphibian,earth,screw,2,m_dry,1297.3,1793.5,496.2,,,P_installed,86500,0.660,0.0635,3.289,1.219,28.2,1,0.72,0.24,msa_sand_wes,screw_traction_validation,"geometry direct (report p. 4-5: drum 26 in, over helix 31 in, rotor length in ground contact 129.5 in of 152 in overall, lead 48 in, rotor spacing 66 in); masses direct from p. 4 (2860 lb empty, 3954 lb loaded, converted); power direct (116 bhp at 3600 rpm); speed is the 1.6 mph average on sand p. 18; mu_drawbar is the sand towing figure p. 21; helix angle calculated at the mean diameter; n_starts ASSUMED single start",wes_tr3641,"Loaded minus empty (1094 lb) taken as payload. Earlier row carried 2335 lb dry and 3735 lb gross from the working spreadsheet and mu_drawbar 0.64, none of which are in the report; replaced September 2026. Fine-grained soil with free water (RCI 20-30): 425 lb maximum towing force at about 28 percent slip, 0.107 of test weight. Loaded vehicle climbed 18 deg sand slope, failed 21 deg. Ground pressure at 3 in penetration 0.52 psi empty and 0.72 psi loaded. First-pass rut on sand CI 60 unloaded 5.6 in. VCI 5 on fine-grained soil against 25 for the M29C Weasel. villacres2023 separately reports 54 percent drawbar for the 1/5 scale model in snow."
HELIX-NEP,HELIX Neptune,earth,screw,4,m_dry,397,488,91,,,P_average,2300,,,,,,,,,,mobility_mass_benchmark,masses direct; power calculated from 9.2 kWh over 4 h,copperstone_helix,Average draw and not a motor rating.
HELIX-MER,HELIX Mercury,earth,screw,4,m_dry,600,1000,400,,,P_average,2280,,,,,,,,,,mobility_mass_benchmark,masses direct; power calculated from 18.2 kWh over 8 h,copperstone_helix,Average draw and not a motor rating.
ZIL-29061,ZIL-29061,earth,screw,2,m_gross,,2000,,,,,,,,,,,,,,,system_level_earth_analogue,mass low confidence; sources disagree,user_db_autoevolution,Keep source-specific values separate rather than averaging them.
ADIS-01,Auger Driven Ice Surveyor,earth,screw,2,m_dry,22.68,32.21,9.53,13.14,,P_installed,800,,,,,,,,,,mobility_mass_benchmark,mobility mass inferred from schematics and component list,user_db_num6,Two CIM M4-R0062-12 propulsion motors.
ZVM-2901,ZVM-2901,earth,screw,2,m_gross,,5500,1500,,,P_installed,,,,,,,,,,,system_level_earth_analogue,mass direct; power range 87.5 to 99.2 kW not resolved to one value,user_db_zvm,
ZVM-2902,ZVM-2902,earth,screw,2,m_gross,,6000,2000,,,P_installed,,,,,,,,,,,system_level_earth_analogue,mass direct; power range 87.5 to 99.2 kW not resolved to one value,user_db_zvm,
OSINSKI-01,Small remotely operated screw-propelled vehicle,earth,screw,2,m_gross,,4.50,0.00,1.06,,P_installed,10,,,,,,,,,,mobility_mass_benchmark,mobility mass calculated: drums and helices 0.6621 kg plus motors 0.3992 kg,osinski2015,Smallest screw entry with a documented mobility mass split.
CSUB-01,CSUB,earth,screw,2,m_gross,,13.50,,6.66,,,,,,,,,,,,,mobility_mass_benchmark,mobility mass medium confidence,user_db_csub,doi 10.1016/j.joes.2025.07.003. Useful for mobility fraction at small scale.
CASPER-01,CASPER,space_analog,screw,4,m_operational,3.4,3.4,,,,P_measured,30,,,,,,,0.17,,dry_sand,screw_traction_validation,mass direct; power direct; speed direct; screw geometry NOT REPORTED,green2021,Excavation 30 kg/h at 2.5 cm depth. Speed range 0.05 to 0.18 m/s over 20 to 40 rpm. Tested in Quikrete silica sand 0.8 to 1.8 mm. Cannot be used for end-to-end validation until geometry is found.
ARCSNAKE-01,ARCSnake,earth,screw,1,m_operational,6.1,6.1,,1.0,,P_peak,1240,0.128,0.011,0.196,0.1765,22.0,2,0.23,,,physics_and_scaling_reference,geometry direct; blade height and pitch calculated from the 150 mm outer diameter and the 22 deg lead angle; masses direct from Table I,richter2022,Screw drive 1.6 N m continuous and 2.0 N m peak. 22 deg lead angle attributed to Cole 1961 as the drawbar optimum. Mobility mass of 1.0 kg is one body module including its electronics; the 6.1 kg system is four modules plus a head.
SAGARA-01,2DPPL screw-wheel rover,earth,screw_wheel,4,m_operational,12.29,12.29,,,,,,0.115,0.0125,0.080,0.040,4.6,1,,,silica_sand_no5,screw_traction_validation,geometry direct; mass direct; mobility mass unavailable,sagara2025,Screw wheels not screw pontoons. 20 deg slope tests. Sideslip halved by the extension mechanism. Drum diameter calculated as 140 mm outer minus twice the 12.5 mm lug.
GENTA-TITAN,Genta small Titan rover concept,titan_concept,wheel,0,m_operational,40,40,,6.0,,P_installed,42.7,,,,,,,0.028,,titan_lunar_proxy,titan_system_comparator,mass direct; mobility mass calculated as 4 corners of 1.5 kg; power is the SNAP-19 rating,genta2011,Mobility fraction 15 percent for a WHEELED Titan rover. The most direct comparison point for a screw architecture. Max grade 36 percent. 100 mm obstacle.
TANDEM-01,TANDEM tensegrity Titan rover concept,titan_concept,tensegrity,0,m_cbe,269,344,12,,,,,,,,,,,,,,titan_system_comparator,masses direct as current best estimate and predicted,tandem_tm2022,269 kg is CBE and 344 kg is predicted total. Not dry and gross. Science payload 10 kg CBE and 12 kg predicted.
ARPS-TITAN,ARPS-enabled Titan rover with inflatable wheels,titan_concept,wheel,0,,,,,,,P_bol,110,1.5,,,,,,,,,titan_system_comparator,power direct; wheel diameter direct; masses unavailable,arps_titan_rover,Four 1.5 m inflatable wheels. Leave the masses blank rather than backfilling.
EXOMARS-TN4,ExoMars rover baseline,mars_concept,wheel,0,m_dry,96.567,111.696,,52.5,,P_average,27.65,0.25,,,,,,0.01,,mss_a,rover_subsystem_fraction_reference,full subsystem mass budget direct,patel2005,Locomotion 52.5 kg nominal of 96.567 kg total. Source of the non-mobility fractions used in mers.py. Peak locomotion and navigation power 137 W.
LRV,Lunar Roving Vehicle,moon,wheel,0,m_gross,,708,490,218,,,,,,,,,,3.30,,lunar_average,rover_subsystem_fraction_reference,chassis fraction K direct,patel2005,K equals 0.308.
SOJOURNER,Sojourner,mars,wheel,0,m_gross,,11.5,,,,P_installed,48,0.13,,,,,,0.01,,,rover_subsystem_fraction_reference,K direct,patel2005,K equals 0.4. Maxon RE-16 motors.
MER,Mars Exploration Rover,mars,wheel,0,m_gross,,174,,,,,,0.25,,,,,,0.05,,,rover_subsystem_fraction_reference,K direct,patel2005,K equals 0.5. Drive actuator output torque 43 N m at a total reduction of 1502 to 1.
M29C,M29C Weasel,earth,track,0,m_gross,,1724,,,52.2,P_installed,52200,,,,,,,,,,tracked_validation_baseline,mass direct; power direct (70 bhp),user_db_weasel,Benchmark for track against screw. villacres2023 gives VCI 16 for the M29C against 6 for the MSA.
LIGHTCRAWLER,Light Crawler four-crawler lunar vehicle,moon_analog,track,0,m_operational,20,20,,,,,,,,0.200,,,,0.0139,,lunar_average,tracked_validation_baseline,mass direct; crawler geometry direct,wakabayashi2009,Crawler 200 mm by 50 mm contact patch. Slip 0.1 to 0.2 on a 20 deg slope. Optimal contact pressure about 2 kg per 100 cm2 which is 1.96 kPa.
MAARCO,MAARCO,earth_analog,screw,2,,,,,,,,,,,,,,,,,,qualitative_architecture_reference,unavailable,user_db_maarco,Architecture and environments documented. Mass and power to be researched.
SMART,SMART,earth_analog,screw,,,,,,,,,,,,,,,,,,,qualitative_architecture_reference,unavailable,user_db_smart,Student prototype. Qualitative comparator only.
DEMO-01,SYNTHETIC DEMO VEHICLE (not real),earth,screw,2,m_operational,300,300,40,90,,P_installed,3000,0.60,0.10,1.60,0.50,,1,0.40,,dry_sand,excluded_from_fit,synthetic_demo,SYNTHETIC_DEMO,Not a real vehicle. It exists only so the end-to-end machinery in validate.py has one row it can run on. Delete it once a real vehicle is fully populated.
